{"0": 0.4943840256730255, "48": 0.20770190764842217, "19": 0.06097343555000891, "70": 0.028525583883045106, "71": 0.026207880192547692, "6": 0.025494740595471563, "73": 0.02424674630058834, "68": 0.023711891602781244, "60": 0.018363344624710287, "40": 0.011945088251025138, "49": 0.011766803351756106, "41": 0.01123194865394901, "47": 0.00927081476198966, "50": 0.0074879657692993404, "24": 0.0074879657692993404, "56": 0.0057051167766090215, "43": 0.004278837582456766, "42": 0.0035656979853806382, "46": 0.0035656979853806382, "1": 0.002495988589766447, "57": 0.002139418791228383, "61": 0.001961133891959351, "53": 0.0016045640934212871, "52": 0.0016045640934212871, "44": 0.0014262791941522554, "16": 0.0007131395970761277, "45": 0.0005348546978070957, "51": 0.00035656979853806385, "58": 0.00035656979853806385, "32": 0.00035656979853806385, "10": 0.00017828489926903192, "3": 0.00017828489926903192, "5": 0.00017828489926903192}